CPU_usage,Memory_info,DiskUsage,nWattsSupply,Moment
0.0,"svmem(total=540894633984, available=514442067968, percent=4.9, used=22912147456, free=368960684032, active=57701679104, inactive=103305109504, buffers=2552487936, cached=146469314560, shared=39157760, slab=7684575232)","sdiskusage(total=938517508096, used=394182561792, free=496585416704, percent=44.3)",-1,2025-03-12 20:31:32.759931
99.7,"svmem(total=540894633984, available=514139037696, percent=4.9, used=23215185920, free=368657612800, active=58004893696, inactive=103305142272, buffers=2552487936, cached=146469347328, shared=39157760, slab=7685292032)","sdiskusage(total=938517508096, used=394182578176, free=496585400320, percent=44.3)",-1,2025-03-12 20:31:35.069559
99.5,"svmem(total=540894633984, available=513402294272, percent=5.1, used=23951925248, free=367920791552, active=58710941696, inactive=103305175040, buffers=2552487936, cached=146469429248, shared=39157760, slab=7686676480)","sdiskusage(total=938517508096, used=394182586368, free=496585392128, percent=44.3)",-1,2025-03-12 20:31:37.389878
100.8,"svmem(total=540894633984, available=513012817920, percent=5.2, used=24341381120, free=367531311104, active=59099475968, inactive=103305183232, buffers=2552500224, cached=146469441536, shared=39161856, slab=7686184960)","sdiskusage(total=938517508096, used=394182586368, free=496585392128, percent=44.3)",-1,2025-03-12 20:31:39.702561
99.5,"svmem(total=540894633984, available=512708632576, percent=5.2, used=24645562368, free=367227076608, active=59403280384, inactive=103305211904, buffers=2552500224, cached=146469494784, shared=39161856, slab=7687094272)","sdiskusage(total=938517508096, used=394182586368, free=496585392128, percent=44.3)",-1,2025-03-12 20:31:42.011231
95.3,"svmem(total=540894633984, available=510702129152, percent=5.6, used=26639474688, free=365220564992, active=61309399040, inactive=103317803008, buffers=2552500224, cached=146482094080, shared=51744768, slab=7692673024)","sdiskusage(total=938517508096, used=394182586368, free=496585392128, percent=44.3)",-1,2025-03-12 20:31:44.318246
99.5,"svmem(total=540894633984, available=510440960000, percent=5.6, used=26898280448, free=364959346688, active=61562261504, inactive=103320215552, buffers=2552508416, cached=146484498432, shared=54108160, slab=7694032896)","sdiskusage(total=938517508096, used=394182586368, free=496585392128, percent=44.3)",-1,2025-03-12 20:31:46.640919
99.6,"svmem(total=540894633984, available=509125668864, percent=5.9, used=28211482624, free=363644219392, active=62872899584, inactive=103322345472, buffers=2552508416, cached=146486423552, shared=56205312, slab=7694458880)","sdiskusage(total=938517508096, used=394182586368, free=496585392128, percent=44.3)",-1,2025-03-12 20:31:48.979565
204.2,"svmem(total=540894633984, available=509090279424, percent=5.9, used=28246896640, free=363608702976, active=62906490880, inactive=103322386432, buffers=2552520704, cached=146486513664, shared=56205312, slab=7694454784)","sdiskusage(total=938517508096, used=394182586368, free=496585392128, percent=44.3)",-1,2025-03-12 20:31:51.326047
321.9,"svmem(total=540894633984, available=507154788352, percent=6.2, used=30182383616, free=361673191424, active=64839491584, inactive=103322402816, buffers=2552520704, cached=146486538240, shared=56205312, slab=7695699968)","sdiskusage(total=938517508096, used=394182586368, free=496585392128, percent=44.3)",-1,2025-03-12 20:31:53.645143
815.2,"svmem(total=540894633984, available=507103764480, percent=6.2, used=30233444352, free=361622110208, active=64899203072, inactive=103322460160, buffers=2552524800, cached=146486554624, shared=56205312, slab=7696977920)","sdiskusage(total=938517508096, used=394182586368, free=496585392128, percent=44.3)",-1,2025-03-12 20:31:55.960287
804.5,"svmem(total=540894633984, available=507115798528, percent=6.2, used=30221410304, free=361634095104, active=64887963648, inactive=103322509312, buffers=2552524800, cached=146486603776, shared=56205312, slab=7697125376)","sdiskusage(total=938517508096, used=394182586368, free=496585392128, percent=44.3)",-1,2025-03-12 20:31:58.300003
752.4,"svmem(total=540894633984, available=507113816064, percent=6.2, used=30223380480, free=361632108544, active=64887296000, inactive=103322509312, buffers=2552524800, cached=146486620160, shared=56205312, slab=7696646144)","sdiskusage(total=938517508096, used=394182586368, free=496585392128, percent=44.3)",-1,2025-03-12 20:32:00.644388
858.0,"svmem(total=540894633984, available=507099426816, percent=6.2, used=30237777920, free=361617694720, active=64899518464, inactive=103322533888, buffers=2552524800, cached=146486636544, shared=56205312, slab=7697530880)","sdiskusage(total=938517508096, used=394182586368, free=496585392128, percent=44.3)",-1,2025-03-12 20:32:03.017813
703.6,"svmem(total=540894633984, available=507110768640, percent=6.2, used=30226419712, free=361629036544, active=64887525376, inactive=103322533888, buffers=2552524800, cached=146486652928, shared=56205312, slab=7696728064)","sdiskusage(total=938517508096, used=394182586368, free=496585392128, percent=44.3)",-1,2025-03-12 20:32:05.353413
756.8,"svmem(total=540894633984, available=507096805376, percent=6.2, used=30240366592, free=361615036416, active=64899309568, inactive=103322537984, buffers=2552524800, cached=146486706176, shared=56205312, slab=7697956864)","sdiskusage(total=938517508096, used=394182586368, free=496585392128, percent=44.3)",-1,2025-03-12 20:32:07.668004
556.3,"svmem(total=540894633984, available=507109642240, percent=6.2, used=30227521536, free=361627832320, active=64887566336, inactive=103322578944, buffers=2552524800, cached=146486755328, shared=56205312, slab=7696564224)","sdiskusage(total=938517508096, used=394182586368, free=496585392128, percent=44.3)",-1,2025-03-12 20:32:09.999370
697.3,"svmem(total=540894633984, available=507101065216, percent=6.2, used=30236049408, free=361619255296, active=64890748928, inactive=103322578944, buffers=2552524800, cached=146486804480, shared=56205312, slab=7696924672)","sdiskusage(total=938517508096, used=394182586368, free=496585392128, percent=44.3)",-1,2025-03-12 20:32:12.308940
811.9,"svmem(total=540894633984, available=507086565376, percent=6.3, used=30250565632, free=361604722688, active=64904302592, inactive=103322611712, buffers=2552524800, cached=146486820864, shared=56205312, slab=7697006592)","sdiskusage(total=938517508096, used=394182586368, free=496585392128, percent=44.3)",-1,2025-03-12 20:32:14.630768
779.0,"svmem(total=540894633984, available=507099197440, percent=6.2, used=30237949952, free=361617321984, active=64891944960, inactive=103322644480, buffers=2552524800, cached=146486837248, shared=56205312, slab=7697088512)","sdiskusage(total=938517508096, used=394182586368, free=496585392128, percent=44.3)",-1,2025-03-12 20:32:16.964609
961.7,"svmem(total=540894633984, available=507085189120, percent=6.3, used=30251978752, free=361603244032, active=64903499776, inactive=103322714112, buffers=2552524800, cached=146486886400, shared=56205312, slab=7697022976)","sdiskusage(total=938517508096, used=394182586368, free=496585392128, percent=44.3)",-1,2025-03-12 20:32:19.272704
568.6,"svmem(total=540894633984, available=507069820928, percent=6.3, used=30267334656, free=361587871744, active=64920260608, inactive=103322718208, buffers=2552524800, cached=146486902784, shared=56205312, slab=7696809984)","sdiskusage(total=938517508096, used=394182586368, free=496585392128, percent=44.3)",-1,2025-03-12 20:32:21.589028
901.2,"svmem(total=540894633984, available=507069558784, percent=6.3, used=30267592704, free=361587597312, active=64922013696, inactive=103322730496, buffers=2552524800, cached=146486919168, shared=56205312, slab=7696859136)","sdiskusage(total=938517508096, used=394182586368, free=496585392128, percent=44.3)",-1,2025-03-12 20:32:23.922772
634.5,"svmem(total=540894633984, available=507080953856, percent=6.3, used=30256197632, free=361598976000, active=64908750848, inactive=103322746880, buffers=2552524800, cached=146486935552, shared=56205312, slab=7696744448)","sdiskusage(total=938517508096, used=394182586368, free=496585392128, percent=44.3)",-1,2025-03-12 20:32:26.261396
675.2,"svmem(total=540894633984, available=507080609792, percent=6.3, used=30256549888, free=361598541824, active=64908500992, inactive=103322804224, buffers=2552524800, cached=146487017472, shared=56205312, slab=7696924672)","sdiskusage(total=938517508096, used=394182586368, free=496585392128, percent=44.3)",-1,2025-03-12 20:32:28.575914
737.9,"svmem(total=540894633984, available=507054383104, percent=6.3, used=30282756096, free=361572315136, active=64935358464, inactive=103322804224, buffers=2552524800, cached=146487037952, shared=56205312, slab=7696867328)","sdiskusage(total=938517508096, used=394182586368, free=496585392128, percent=44.3)",-1,2025-03-12 20:32:30.883404
675.0,"svmem(total=540894633984, available=507049148416, percent=6.3, used=30287974400, free=361567080448, active=64937037824, inactive=103322804224, buffers=2552524800, cached=146487054336, shared=56205312, slab=7697293312)","sdiskusage(total=938517508096, used=394182586368, free=496585392128, percent=44.3)",-1,2025-03-12 20:32:33.213841
834.8,"svmem(total=540894633984, available=507062558720, percent=6.3, used=30274555904, free=361580449792, active=64923795456, inactive=103322845184, buffers=2552524800, cached=146487103488, shared=56205312, slab=7696883712)","sdiskusage(total=938517508096, used=394182586368, free=496585392128, percent=44.3)",-1,2025-03-12 20:32:35.547784
667.7,"svmem(total=540894633984, available=507016962048, percent=6.3, used=30320173056, free=361534816256, active=64978776064, inactive=103322882048, buffers=2552524800, cached=146487119872, shared=56205312, slab=7697207296)","sdiskusage(total=938517508096, used=394182586368, free=496585392128, percent=44.3)",-1,2025-03-12 20:32:37.860041
762.8,"svmem(total=540894633984, available=507010342912, percent=6.3, used=30326784000, free=361528188928, active=64988307456, inactive=103322890240, buffers=2552524800, cached=146487136256, shared=56205312, slab=7696715776)","sdiskusage(total=938517508096, used=394182586368, free=496585392128, percent=44.3)",-1,2025-03-12 20:32:40.203889
596.3,"svmem(total=540894633984, available=507002249216, percent=6.3, used=30334869504, free=361520054272, active=64996220928, inactive=103322931200, buffers=2552524800, cached=146487185408, shared=56205312, slab=7696781312)","sdiskusage(total=938517508096, used=394182586368, free=496585392128, percent=44.3)",-1,2025-03-12 20:32:42.522916
683.7,"svmem(total=540894633984, available=507006251008, percent=6.3, used=30330830848, free=361524076544, active=64989302784, inactive=103322959872, buffers=2552524800, cached=146487201792, shared=56205312, slab=7697534976)","sdiskusage(total=938517508096, used=394182586368, free=496585392128, percent=44.3)",-1,2025-03-12 20:32:44.859745
497.1,"svmem(total=540894633984, available=506992431104, percent=6.3, used=30344634368, free=361510256640, active=65007636480, inactive=103322959872, buffers=2552524800, cached=146487218176, shared=56205312, slab=7696584704)","sdiskusage(total=938517508096, used=394182586368, free=496585392128, percent=44.3)",-1,2025-03-12 20:32:47.178245
744.5,"svmem(total=540894633984, available=506975514624, percent=6.3, used=30361559040, free=361493282816, active=65026387968, inactive=103323017216, buffers=2552524800, cached=146487267328, shared=56205312, slab=7697625088)","sdiskusage(total=938517508096, used=394182586368, free=496585392128, percent=44.3)",-1,2025-03-12 20:32:49.488734
591.4,"svmem(total=540894633984, available=507216429056, percent=6.2, used=30120693760, free=361734098944, active=64790994944, inactive=103323115520, buffers=2552524800, cached=146487316480, shared=56205312, slab=7697248256)","sdiskusage(total=938517508096, used=394182586368, free=496585392128, percent=44.3)",-1,2025-03-12 20:32:51.813338
527.0,"svmem(total=540894633984, available=507125633024, percent=6.2, used=30211522560, free=361643253760, active=64887685120, inactive=103323164672, buffers=2552524800, cached=146487332864, shared=56205312, slab=7696486400)","sdiskusage(total=938517508096, used=394182586368, free=496585392128, percent=44.3)",-1,2025-03-12 20:32:54.150383
649.4,"svmem(total=540894633984, available=507109191680, percent=6.2, used=30227959808, free=361626800128, active=64902811648, inactive=103323176960, buffers=2552524800, cached=146487349248, shared=56205312, slab=7698026496)","sdiskusage(total=938517508096, used=394182586368, free=496585392128, percent=44.3)",-1,2025-03-12 20:32:56.470286
754.5,"svmem(total=540894633984, available=507121692672, percent=6.2, used=30215430144, free=361639268352, active=64889569280, inactive=103323209728, buffers=2552537088, cached=146487398400, shared=56205312, slab=7696699392)","sdiskusage(total=938517508096, used=394182586368, free=496585392128, percent=44.3)",-1,2025-03-12 20:32:58.800873
658.4,"svmem(total=540894633984, available=507120402432, percent=6.2, used=30216716288, free=361637965824, active=64890146816, inactive=103323222016, buffers=2552537088, cached=146487414784, shared=56205312, slab=7696846848)","sdiskusage(total=938517508096, used=394182586368, free=496585392128, percent=44.3)",-1,2025-03-12 20:33:01.119667
732.8,"svmem(total=540894633984, available=507208806400, percent=6.2, used=30128324608, free=361726300160, active=64807682048, inactive=103323250688, buffers=2552537088, cached=146487472128, shared=56205312, slab=7697436672)","sdiskusage(total=938517508096, used=394182586368, free=496585392128, percent=44.3)",-1,2025-03-12 20:33:03.436154
727.0,"svmem(total=540894633984, available=507220869120, percent=6.2, used=30116286464, free=361738321920, active=64801345536, inactive=103323279360, buffers=2552537088, cached=146487488512, shared=56205312, slab=7696846848)","sdiskusage(total=938517508096, used=394182586368, free=496585392128, percent=44.3)",-1,2025-03-12 20:33:05.758680
805.0,"svmem(total=540894633984, available=507204612096, percent=6.2, used=30132527104, free=361722023936, active=64814841856, inactive=103323279360, buffers=2552537088, cached=146487545856, shared=56205312, slab=7696912384)","sdiskusage(total=938517508096, used=394182586368, free=496585392128, percent=44.3)",-1,2025-03-12 20:33:08.083199
703.5,"svmem(total=540894633984, available=507213279232, percent=6.2, used=30123855872, free=361730646016, active=64806256640, inactive=103323324416, buffers=2552537088, cached=146487595008, shared=56205312, slab=7695667200)","sdiskusage(total=938517508096, used=394182586368, free=496585392128, percent=44.3)",-1,2025-03-12 20:33:10.416296
656.2,"svmem(total=540894633984, available=507210838016, percent=6.2, used=30126305280, free=361728176128, active=64808636416, inactive=103323353088, buffers=2552537088, cached=146487615488, shared=56205312, slab=7696879616)","sdiskusage(total=938517508096, used=394182586368, free=496585392128, percent=44.3)",-1,2025-03-12 20:33:12.732841
803.8,"svmem(total=540894633984, available=507218067456, percent=6.2, used=30119075840, free=361735356416, active=64805728256, inactive=103323402240, buffers=2552537088, cached=146487664640, shared=56205312, slab=7694815232)","sdiskusage(total=938517508096, used=394182586368, free=496585392128, percent=44.3)",-1,2025-03-12 20:33:15.070714
816.7,"svmem(total=540894633984, available=507171368960, percent=6.2, used=30165794816, free=361688498176, active=64822620160, inactive=103323561984, buffers=2552537088, cached=146487803904, shared=56205312, slab=7695863808)","sdiskusage(total=938517508096, used=394182586368, free=496585392128, percent=44.3)",-1,2025-03-12 20:33:17.394024
842.0,"svmem(total=540894633984, available=507169456128, percent=6.2, used=30167699456, free=361686544384, active=64820707328, inactive=103323602944, buffers=2552537088, cached=146487853056, shared=56205312, slab=7696216064)","sdiskusage(total=938517508096, used=394182586368, free=496585392128, percent=44.3)",-1,2025-03-12 20:33:19.732480
906.4,"svmem(total=540894633984, available=507182776320, percent=6.2, used=30154387456, free=361699840000, active=64811630592, inactive=103323627520, buffers=2552537088, cached=146487869440, shared=56205312, slab=7696019456)","sdiskusage(total=938517508096, used=394182586368, free=496585392128, percent=44.3)",-1,2025-03-12 20:33:22.062289
615.1,"svmem(total=540894633984, available=507172904960, percent=6.2, used=30164242432, free=361689935872, active=64823549952, inactive=103323660288, buffers=2552549376, cached=146487906304, shared=56205312, slab=7697231872)","sdiskusage(total=938517508096, used=394182586368, free=496585392128, percent=44.3)",-1,2025-03-12 20:33:24.381209
886.0,"svmem(total=540894633984, available=507177680896, percent=6.2, used=30159458304, free=361694625792, active=64812511232, inactive=103323668480, buffers=2552549376, cached=146488000512, shared=56205312, slab=7696650240)","sdiskusage(total=938517508096, used=394182586368, free=496585392128, percent=44.3)",-1,2025-03-12 20:33:26.719528
769.2,"svmem(total=540894633984, available=507179040768, percent=6.2, used=30158098432, free=361695932416, active=64812310528, inactive=103323721728, buffers=2552549376, cached=146488053760, shared=56205312, slab=7695978496)","sdiskusage(total=938517508096, used=394182586368, free=496585392128, percent=44.3)",-1,2025-03-12 20:33:29.045245
792.4,"svmem(total=540894633984, available=507166461952, percent=6.2, used=30170628096, free=361683345408, active=64823263232, inactive=103323729920, buffers=2552557568, cached=146488102912, shared=56205312, slab=7697059840)","sdiskusage(total=938517508096, used=394182586368, free=496585392128, percent=44.3)",-1,2025-03-12 20:33:31.364408
595.7,"svmem(total=540894633984, available=507180400640, percent=6.2, used=30156738560, free=361697120256, active=64812695552, inactive=103323783168, buffers=2552557568, cached=146488217600, shared=56205312, slab=7696941056)","sdiskusage(total=938517508096, used=394182586368, free=496585392128, percent=44.3)",-1,2025-03-12 20:33:33.706215
546.9,"svmem(total=540894633984, available=507181969408, percent=6.2, used=30155161600, free=361698643968, active=64812642304, inactive=103323828224, buffers=2552557568, cached=146488270848, shared=56205312, slab=7695884288)","sdiskusage(total=938517508096, used=394182586368, free=496585392128, percent=44.3)",-1,2025-03-12 20:33:36.031726
971.3,"svmem(total=540894633984, available=507167318016, percent=6.2, used=30169808896, free=361683968000, active=64827363328, inactive=103323852800, buffers=2552569856, cached=146488287232, shared=56205312, slab=7697457152)","sdiskusage(total=938517508096, used=394182586368, free=496585392128, percent=44.3)",-1,2025-03-12 20:33:38.376972
773.5,"svmem(total=540894633984, available=507180871680, percent=6.2, used=30156251136, free=361697370112, active=64814342144, inactive=103323897856, buffers=2552569856, cached=146488442880, shared=56205312, slab=7697215488)","sdiskusage(total=938517508096, used=394182586368, free=496585392128, percent=44.3)",-1,2025-03-12 20:33:40.712074
843.8,"svmem(total=540894633984, available=507168391168, percent=6.2, used=30168748032, free=361684824064, active=64827944960, inactive=103323959296, buffers=2552569856, cached=146488492032, shared=56205312, slab=7697788928)","sdiskusage(total=938517508096, used=394182586368, free=496585392128, percent=44.3)",-1,2025-03-12 20:33:43.035097
654.9,"svmem(total=540894633984, available=507181154304, percent=6.2, used=30155956224, free=361697554432, active=64816611328, inactive=103323959296, buffers=2552582144, cached=146488541184, shared=56205312, slab=7697297408)","sdiskusage(total=938517508096, used=394182586368, free=496585392128, percent=44.3)",-1,2025-03-12 20:33:45.391611
696.5,"svmem(total=540894633984, available=507180847104, percent=6.2, used=30156267520, free=361697095680, active=64816939008, inactive=103323967488, buffers=2552582144, cached=146488688640, shared=56205312, slab=7697223680)","sdiskusage(total=938517508096, used=394182586368, free=496585392128, percent=44.3)",-1,2025-03-12 20:33:47.696559
698.7,"svmem(total=540894633984, available=507168677888, percent=6.2, used=30168436736, free=361684910080, active=64829669376, inactive=103323983872, buffers=2552582144, cached=146488705024, shared=56205312, slab=7698321408)","sdiskusage(total=938517508096, used=394182586368, free=496585392128, percent=44.3)",-1,2025-03-12 20:33:50.014555
849.3,"svmem(total=540894633984, available=507168309248, percent=6.2, used=30168788992, free=361684496384, active=64830742528, inactive=103324016640, buffers=2552594432, cached=146488754176, shared=56205312, slab=7698337792)","sdiskusage(total=938517508096, used=394182586368, free=496585392128, percent=44.3)",-1,2025-03-12 20:33:52.328257
452.8,"svmem(total=540894633984, available=507225034752, percent=6.2, used=30112481280, free=361741180928, active=64774909952, inactive=103323832320, buffers=2552594432, cached=146488377344, shared=55812096, slab=7697879040)","sdiskusage(total=938517508096, used=394182586368, free=496585392128, percent=44.3)",-1,2025-03-12 20:33:54.668274
898.8,"svmem(total=540894633984, available=507221925888, percent=6.2, used=30115151872, free=361738035200, active=64774729728, inactive=103324061696, buffers=2552594432, cached=146488852480, shared=56205312, slab=7699345408)","sdiskusage(total=938517508096, used=394182586368, free=496585392128, percent=44.3)",-1,2025-03-12 20:33:56.984460
867.2,"svmem(total=540894633984, available=507233378304, percent=6.2, used=30103744512, free=361749389312, active=64763727872, inactive=103324160000, buffers=2552594432, cached=146488905728, shared=56205312, slab=7698935808)","sdiskusage(total=938517508096, used=394182586368, free=496585392128, percent=44.3)",-1,2025-03-12 20:33:59.328059
640.1,"svmem(total=540894633984, available=507219480576, percent=6.2, used=30117621760, free=361735483392, active=64775577600, inactive=103324172288, buffers=2552606720, cached=146488922112, shared=56205312, slab=7699222528)","sdiskusage(total=938517508096, used=394182586368, free=496585392128, percent=44.3)",-1,2025-03-12 20:34:01.642205
721.2,"svmem(total=540894633984, available=507209875456, percent=6.2, used=30127226880, free=361725829120, active=64784363520, inactive=103324188672, buffers=2552606720, cached=146488971264, shared=56205312, slab=7698255872)","sdiskusage(total=938517508096, used=394182586368, free=496585392128, percent=44.3)",-1,2025-03-12 20:34:03.977013
764.6,"svmem(total=540894633984, available=507195633664, percent=6.2, used=30141501440, free=361711538176, active=64796999680, inactive=103324237824, buffers=2552606720, cached=146488987648, shared=56205312, slab=7699255296)","sdiskusage(total=938517508096, used=394182586368, free=496585392128, percent=44.3)",-1,2025-03-12 20:34:06.291507
553.9,"svmem(total=540894633984, available=507209674752, percent=6.2, used=30127452160, free=361725571072, active=64783929344, inactive=103324246016, buffers=2552606720, cached=146489004032, shared=56205312, slab=7698714624)","sdiskusage(total=938517508096, used=394182586368, free=496585392128, percent=44.3)",-1,2025-03-12 20:34:08.625072
667.2,"svmem(total=540894633984, available=507185463296, percent=6.2, used=30151655424, free=361701318656, active=64808591360, inactive=103324286976, buffers=2552606720, cached=146489053184, shared=56205312, slab=7699288064)","sdiskusage(total=938517508096, used=394182586368, free=496585392128, percent=44.3)",-1,2025-03-12 20:34:10.933597
856.4,"svmem(total=540894633984, available=507178684416, percent=6.2, used=30158417920, free=361694531584, active=64817483776, inactive=103324295168, buffers=2552614912, cached=146489069568, shared=56205312, slab=7699230720)","sdiskusage(total=938517508096, used=394182586368, free=496585392128, percent=44.3)",-1,2025-03-12 20:34:13.258120
758.7,"svmem(total=540894633984, available=507138277376, percent=6.2, used=30198833152, free=361654099968, active=64856539136, inactive=103324319744, buffers=2552614912, cached=146489085952, shared=56205312, slab=7699181568)","sdiskusage(total=938517508096, used=394182586368, free=496585392128, percent=44.3)",-1,2025-03-12 20:34:15.590796
755.0,"svmem(total=540894633984, available=507177238528, percent=6.2, used=30159863808, free=361693011968, active=64818233344, inactive=103324327936, buffers=2552614912, cached=146489143296, shared=56205312, slab=7699894272)","sdiskusage(total=938517508096, used=394182586368, free=496585392128, percent=44.3)",-1,2025-03-12 20:34:17.903703
645.2,"svmem(total=540894633984, available=507168415744, percent=6.2, used=30168694784, free=361684131840, active=64826392576, inactive=103324385280, buffers=2552614912, cached=146489192448, shared=56205312, slab=7699271680)","sdiskusage(total=938517508096, used=394182586368, free=496585392128, percent=44.3)",-1,2025-03-12 20:34:20.229837
724.7,"svmem(total=540894633984, available=507169206272, percent=6.2, used=30167904256, free=361684905984, active=64827392000, inactive=103324401664, buffers=2552614912, cached=146489208832, shared=56205312, slab=7699320832)","sdiskusage(total=938517508096, used=394182586368, free=496585392128, percent=44.3)",-1,2025-03-12 20:34:22.573464
674.6,"svmem(total=540894633984, available=507181629440, percent=6.2, used=30155472896, free=361697316864, active=64815054848, inactive=103324413952, buffers=2552614912, cached=146489229312, shared=56205312, slab=7698731008)","sdiskusage(total=938517508096, used=394182586368, free=496585392128, percent=44.3)",-1,2025-03-12 20:34:24.897868
706.5,"svmem(total=540894633984, available=507179958272, percent=6.2, used=30157144064, free=361695629312, active=64815841280, inactive=103324430336, buffers=2552614912, cached=146489245696, shared=56205312, slab=7698731008)","sdiskusage(total=938517508096, used=394182586368, free=496585392128, percent=44.3)",-1,2025-03-12 20:34:27.216961
823.0,"svmem(total=540894633984, available=507158503424, percent=6.2, used=30178582528, free=361674141696, active=64838660096, inactive=103324463104, buffers=2552614912, cached=146489294848, shared=56205312, slab=7699406848)","sdiskusage(total=938517508096, used=394182586368, free=496585392128, percent=44.3)",-1,2025-03-12 20:34:29.522815
724.7,"svmem(total=540894633984, available=507171516416, percent=6.2, used=30165569536, free=361687138304, active=64825810944, inactive=103324479488, buffers=2552614912, cached=146489311232, shared=56205312, slab=7699472384)","sdiskusage(total=938517508096, used=394182586368, free=496585392128, percent=44.3)",-1,2025-03-12 20:34:31.863442
841.6,"svmem(total=540894633984, available=507168178176, percent=6.2, used=30168899584, free=361683791872, active=64826822656, inactive=103324487680, buffers=2552614912, cached=146489327616, shared=56205312, slab=7699079168)","sdiskusage(total=938517508096, used=394182586368, free=496585392128, percent=44.3)",-1,2025-03-12 20:34:34.191639
752.2,"svmem(total=540894633984, available=507122688000, percent=6.2, used=30214373376, free=361638236160, active=64872161280, inactive=103324553216, buffers=2552614912, cached=146489409536, shared=56205312, slab=7699701760)","sdiskusage(total=938517508096, used=394182586368, free=496585392128, percent=44.3)",-1,2025-03-12 20:34:36.503662
642.0,"svmem(total=540894633984, available=507134709760, percent=6.2, used=30202343424, free=361650216960, active=64862023680, inactive=103324561408, buffers=2552614912, cached=146489458688, shared=56205312, slab=7699750912)","sdiskusage(total=938517508096, used=394182586368, free=496585392128, percent=44.3)",-1,2025-03-12 20:34:38.841136
713.3,"svmem(total=540894633984, available=507146240000, percent=6.2, used=30190886912, free=361661657088, active=64849666048, inactive=103324631040, buffers=2552614912, cached=146489475072, shared=56205312, slab=7699906560)","sdiskusage(total=938517508096, used=394182586368, free=496585392128, percent=44.3)",-1,2025-03-12 20:34:41.155243
708.0,"svmem(total=540894633984, available=507155824640, percent=6.2, used=30181269504, free=361671225344, active=64840142848, inactive=103324647424, buffers=2552614912, cached=146489524224, shared=56205312, slab=7700037632)","sdiskusage(total=938517508096, used=394182586368, free=496585392128, percent=44.3)",-1,2025-03-12 20:34:43.498019
699.7,"svmem(total=540894633984, available=507140861952, percent=6.2, used=30196260864, free=361656217600, active=64852746240, inactive=103324692480, buffers=2552614912, cached=146489540608, shared=56205312, slab=7699677184)","sdiskusage(total=938517508096, used=394182586368, free=496585392128, percent=44.3)",-1,2025-03-12 20:34:45.818280
618.9,"svmem(total=540894633984, available=507154751488, percent=6.2, used=30182363136, free=361670094848, active=64840421376, inactive=103324704768, buffers=2552614912, cached=146489561088, shared=56205312, slab=7699513344)","sdiskusage(total=938517508096, used=394182586368, free=496585392128, percent=44.3)",-1,2025-03-12 20:34:48.154237
726.4,"svmem(total=540894633984, available=507366563840, percent=6.2, used=29970542592, free=361881899008, active=64633565184, inactive=103324712960, buffers=2552614912, cached=146489577472, shared=56205312, slab=7698989056)","sdiskusage(total=938517508096, used=394182586368, free=496585392128, percent=44.3)",-1,2025-03-12 20:34:50.474950
771.3,"svmem(total=540894633984, available=507299409920, percent=6.2, used=30037725184, free=361814667264, active=64700092416, inactive=103324790784, buffers=2552614912, cached=146489626624, shared=56205312, slab=7699316736)","sdiskusage(total=938517508096, used=394182586368, free=496585392128, percent=44.3)",-1,2025-03-12 20:34:52.815039
375.8,"svmem(total=540894633984, available=507256520704, percent=6.2, used=30080618496, free=361771626496, active=64745164800, inactive=103324811264, buffers=2552614912, cached=146489774080, shared=56205312, slab=7700762624)","sdiskusage(total=938517508096, used=394182586368, free=496585392128, percent=44.3)",-1,2025-03-12 20:34:55.132556
686.1,"svmem(total=540894633984, available=507253334016, percent=6.2, used=30083805184, free=361768423424, active=64745218048, inactive=103324827648, buffers=2552614912, cached=146489790464, shared=56205312, slab=7700819968)","sdiskusage(total=938517508096, used=394182586368, free=496585392128, percent=44.3)",-1,2025-03-12 20:34:57.445625
759.3,"svmem(total=540894633984, available=507260964864, percent=6.2, used=30076166144, free=361776001024, active=64735617024, inactive=103324868608, buffers=2552627200, cached=146489839616, shared=56205312, slab=7699378176)","sdiskusage(total=938517508096, used=394182586368, free=496585392128, percent=44.3)",-1,2025-03-12 20:34:59.783456
804.1,"svmem(total=540894633984, available=507240378368, percent=6.2, used=30096744448, free=361755373568, active=64755822592, inactive=103324876800, buffers=2552627200, cached=146489888768, shared=56205312, slab=7699296256)","sdiskusage(total=938517508096, used=394182586368, free=496585392128, percent=44.3)",-1,2025-03-12 20:35:02.092360
763.7,"svmem(total=540894633984, available=507237126144, percent=6.2, used=30099988480, free=361752113152, active=64756350976, inactive=103324884992, buffers=2552627200, cached=146489905152, shared=56205312, slab=7700836352)","sdiskusage(total=938517508096, used=394182586368, free=496585392128, percent=44.3)",-1,2025-03-12 20:35:04.420922
631.0,"svmem(total=540894633984, available=507238780928, percent=6.2, used=30098325504, free=361753759744, active=64756097024, inactive=103324893184, buffers=2552627200, cached=146489921536, shared=56205312, slab=7699968000)","sdiskusage(total=938517508096, used=394182586368, free=496585392128, percent=44.3)",-1,2025-03-12 20:35:06.743157
984.4,"svmem(total=540894633984, available=507246149632, percent=6.2, used=30090948608, free=361761120256, active=64746045440, inactive=103324901376, buffers=2552627200, cached=146489937920, shared=56205312, slab=7700426752)","sdiskusage(total=938517508096, used=394182586368, free=496585392128, percent=44.3)",-1,2025-03-12 20:35:09.083862
584.9,"svmem(total=540894633984, available=507227045888, percent=6.2, used=30110085120, free=361741901824, active=64768000000, inactive=103325007872, buffers=2552627200, cached=146490019840, shared=56205312, slab=7700557824)","sdiskusage(total=938517508096, used=394182586368, free=496585392128, percent=44.3)",-1,2025-03-12 20:35:11.399121
889.3,"svmem(total=540894633984, available=507241283584, percent=6.2, used=30095859712, free=361756106752, active=64755527680, inactive=103325040640, buffers=2552627200, cached=146490040320, shared=56205312, slab=7700344832)","sdiskusage(total=938517508096, used=394182586368, free=496585392128, percent=44.3)",-1,2025-03-12 20:35:13.734335
721.8,"svmem(total=540894633984, available=507239264256, percent=6.2, used=30097870848, free=361754046464, active=64755916800, inactive=103325048832, buffers=2552627200, cached=146490089472, shared=56205312, slab=7700017152)","sdiskusage(total=938517508096, used=394182586368, free=496585392128, percent=44.3)",-1,2025-03-12 20:35:16.070685
859.8,"svmem(total=540894633984, available=507224567808, percent=6.2, used=30112567296, free=361739329536, active=64769216512, inactive=103325069312, buffers=2552627200, cached=146490109952, shared=56205312, slab=7699304448)","sdiskusage(total=938517508096, used=394182586368, free=496585392128, percent=44.3)",-1,2025-03-12 20:35:18.377071
889.0,"svmem(total=540894633984, available=507222274048, percent=6.2, used=30114852864, free=361736962048, active=64769093632, inactive=103325138944, buffers=2552627200, cached=146490191872, shared=56205312, slab=7699705856)","sdiskusage(total=938517508096, used=394182586368, free=496585392128, percent=44.3)",-1,2025-03-12 20:35:20.721647
687.6,"svmem(total=540894633984, available=507234320384, percent=6.2, used=30102786048, free=361749008384, active=64757571584, inactive=103325143040, buffers=2552631296, cached=146490208256, shared=56205312, slab=7699656704)","sdiskusage(total=938517508096, used=394182586368, free=496585392128, percent=44.3)",-1,2025-03-12 20:35:23.067392
701.5,"svmem(total=540894633984, available=507221204992, percent=6.2, used=30115913728, free=361735991296, active=64770633728, inactive=103325167616, buffers=2552631296, cached=146490097664, shared=56205312, slab=7699144704)","sdiskusage(total=938517508096, used=394182586368, free=496585392128, percent=44.3)",-1,2025-03-12 20:35:25.387843
804.2,"svmem(total=540894633984, available=507220234240, percent=6.2, used=30116876288, free=361735012352, active=64771375104, inactive=103325175808, buffers=2552631296, cached=146490114048, shared=56205312, slab=7699800064)","sdiskusage(total=938517508096, used=394182586368, free=496585392128, percent=44.3)",-1,2025-03-12 20:35:27.710985
778.6,"svmem(total=540894633984, available=507217993728, percent=6.2, used=30119116800, free=361732689920, active=64771588096, inactive=103325257728, buffers=2552631296, cached=146490195968, shared=56205312, slab=7699816448)","sdiskusage(total=938517508096, used=394182586368, free=496585392128, percent=44.3)",-1,2025-03-12 20:35:30.045994
868.4,"svmem(total=540894633984, available=507231756288, percent=6.2, used=30105378816, free=361746542592, active=64759312384, inactive=103325298688, buffers=2552631296, cached=146490081280, shared=56205312, slab=7699542016)","sdiskusage(total=938517508096, used=394182586368, free=496585392128, percent=44.3)",-1,2025-03-12 20:35:32.387473
1022.7,"svmem(total=540894633984, available=507221495808, percent=6.2, used=30115643392, free=361736261632, active=64773652480, inactive=103325319168, buffers=2552631296, cached=146490097664, shared=56205312, slab=7698460672)","sdiskusage(total=938517508096, used=394182586368, free=496585392128, percent=44.3)",-1,2025-03-12 20:35:34.723755
949.2,"svmem(total=540894633984, available=507218825216, percent=6.2, used=30118264832, free=361733554176, active=64774471680, inactive=103325356032, buffers=2552635392, cached=146490179584, shared=56205312, slab=7699304448)","sdiskusage(total=938517508096, used=394182586368, free=496585392128, percent=44.3)",-1,2025-03-12 20:35:37.042290
826.3,"svmem(total=540894633984, available=507234824192, percent=6.2, used=30102306816, free=361749458944, active=64760553472, inactive=103325417472, buffers=2552635392, cached=146490232832, shared=56205312, slab=7698423808)","sdiskusage(total=938517508096, used=394182586368, free=496585392128, percent=44.3)",-1,2025-03-12 20:35:39.386649
702.3,"svmem(total=540894633984, available=507234689024, percent=6.2, used=30102425600, free=361749323776, active=64760930304, inactive=103325417472, buffers=2552635392, cached=146490249216, shared=56205312, slab=7698964480)","sdiskusage(total=938517508096, used=394182586368, free=496585392128, percent=44.3)",-1,2025-03-12 20:35:41.716327
645.4,"svmem(total=540894633984, available=507221536768, percent=6.2, used=30115581952, free=361736151040, active=64774451200, inactive=103325437952, buffers=2552639488, cached=146490261504, shared=56205312, slab=7699128320)","sdiskusage(total=938517508096, used=394182586368, free=496585392128, percent=44.3)",-1,2025-03-12 20:35:44.033887
629.5,"svmem(total=540894633984, available=507218006016, percent=6.2, used=30119141376, free=361732505600, active=64775847936, inactive=103325552640, buffers=2552639488, cached=146490347520, shared=56205312, slab=7699304448)","sdiskusage(total=938517508096, used=394182586368, free=496585392128, percent=44.3)",-1,2025-03-12 20:35:46.368747
711.1,"svmem(total=540894633984, available=507229138944, percent=6.2, used=30108000256, free=361743630336, active=64763150336, inactive=103325552640, buffers=2552639488, cached=146490363904, shared=56205312, slab=7698616320)","sdiskusage(total=938517508096, used=394182586368, free=496585392128, percent=44.3)",-1,2025-03-12 20:35:48.701597
744.1,"svmem(total=540894633984, available=507216687104, percent=6.2, used=30120427520, free=361731178496, active=64777371648, inactive=103325552640, buffers=2552647680, cached=146490380288, shared=56205312, slab=7699369984)","sdiskusage(total=938517508096, used=394182586368, free=496585392128, percent=44.3)",-1,2025-03-12 20:35:51.014647
755.5,"svmem(total=540894633984, available=507225575424, percent=6.2, used=30111531008, free=361740025856, active=64766779392, inactive=103325593600, buffers=2552647680, cached=146490429440, shared=56205312, slab=7698337792)","sdiskusage(total=938517508096, used=394182586368, free=496585392128, percent=44.3)",-1,2025-03-12 20:35:53.342735
379.1,"svmem(total=540894633984, available=507207278592, percent=6.2, used=30129942528, free=361721810944, active=64769056768, inactive=103325933568, buffers=2552647680, cached=146490232832, shared=56090624, slab=7699767296)","sdiskusage(total=938517508096, used=394182590464, free=496585388032, percent=44.3)",-1,2025-03-12 20:35:55.682325
744.8,"svmem(total=540894633984, available=507226447872, percent=6.2, used=30110683136, free=361740906496, active=64768094208, inactive=103325650944, buffers=2552647680, cached=146490396672, shared=56205312, slab=7698583552)","sdiskusage(total=938517508096, used=394182586368, free=496585392128, percent=44.3)",-1,2025-03-12 20:35:57.998628
631.4,"svmem(total=540894633984, available=507213230080, percent=6.2, used=30123884544, free=361727688704, active=64780996608, inactive=103325646848, buffers=2552647680, cached=146490413056, shared=56205312, slab=7699222528)","sdiskusage(total=938517508096, used=394182586368, free=496585392128, percent=44.3)",-1,2025-03-12 20:36:00.318576
675.9,"svmem(total=540894633984, available=507212038144, percent=6.2, used=30125043712, free=361726464000, active=64777654272, inactive=103325679616, buffers=2552659968, cached=146490466304, shared=56205312, slab=7698518016)","sdiskusage(total=938517508096, used=394182586368, free=496585392128, percent=44.3)",-1,2025-03-12 20:36:02.650294
818.5,"svmem(total=540894633984, available=507197112320, percent=6.2, used=30139953152, free=361711505408, active=64790556672, inactive=103325679616, buffers=2552659968, cached=146490515456, shared=56205312, slab=7699509248)","sdiskusage(total=938517508096, used=394182586368, free=496585392128, percent=44.3)",-1,2025-03-12 20:36:04.970432
718.3,"svmem(total=540894633984, available=507196608512, percent=6.2, used=30140456960, free=361710952448, active=64790269952, inactive=103325696000, buffers=2552659968, cached=146490564608, shared=56205312, slab=7698640896)","sdiskusage(total=938517508096, used=394182586368, free=496585392128, percent=44.3)",-1,2025-03-12 20:36:07.292736
925.5,"svmem(total=540894633984, available=507201007616, percent=6.2, used=30136049664, free=361715343360, active=64786751488, inactive=103325704192, buffers=2552659968, cached=146490580992, shared=56205312, slab=7698993152)","sdiskusage(total=938517508096, used=394182586368, free=496585392128, percent=44.3)",-1,2025-03-12 20:36:09.628090
575.8,"svmem(total=540894633984, available=507184259072, percent=6.2, used=30152802304, free=361698541568, active=64802353152, inactive=103325757440, buffers=2552659968, cached=146490630144, shared=56205312, slab=7698550784)","sdiskusage(total=938517508096, used=394182586368, free=496585392128, percent=44.3)",-1,2025-03-12 20:36:11.952767
509.7,"svmem(total=540894633984, available=507172356096, percent=6.2, used=30164701184, free=361686626304, active=64814030848, inactive=103325769728, buffers=2552659968, cached=146490646528, shared=56205312, slab=7698518016)","sdiskusage(total=938517508096, used=394182586368, free=496585392128, percent=44.3)",-1,2025-03-12 20:36:14.273835
734.6,"svmem(total=540894633984, available=507206582272, percent=6.2, used=30130528256, free=361720782848, active=64782626816, inactive=103325839360, buffers=2552659968, cached=146490662912, shared=56205312, slab=7699034112)","sdiskusage(total=938517508096, used=394182586368, free=496585392128, percent=44.3)",-1,2025-03-12 20:36:16.615125
810.4,"svmem(total=540894633984, available=507207852032, percent=6.2, used=30129291264, free=361722003456, active=64784330752, inactive=103325888512, buffers=2552659968, cached=146490679296, shared=56205312, slab=7697920000)","sdiskusage(total=938517508096, used=394182586368, free=496585392128, percent=44.3)",-1,2025-03-12 20:36:18.954233
861.9,"svmem(total=540894633984, available=507193458688, percent=6.2, used=30143684608, free=361707593728, active=64798396416, inactive=103325904896, buffers=2552659968, cached=146490695680, shared=56205312, slab=7699312640)","sdiskusage(total=938517508096, used=394182586368, free=496585392128, percent=44.3)",-1,2025-03-12 20:36:21.268887
820.3,"svmem(total=540894633984, available=507205746688, percent=6.2, used=30131351552, free=361719840768, active=64786812928, inactive=103325945856, buffers=2552659968, cached=146490781696, shared=56205312, slab=7699378176)","sdiskusage(total=938517508096, used=394182586368, free=496585392128, percent=44.3)",-1,2025-03-12 20:36:23.604859
701.2,"svmem(total=540894633984, available=507205836800, percent=6.2, used=30131277824, free=361719861248, active=64785727488, inactive=103325982720, buffers=2552659968, cached=146490834944, shared=56205312, slab=7699066880)","sdiskusage(total=938517508096, used=394182586368, free=496585392128, percent=44.3)",-1,2025-03-12 20:36:25.925466
773.5,"svmem(total=540894633984, available=507193860096, percent=6.2, used=30143246336, free=361707876352, active=64799248384, inactive=103325990912, buffers=2552659968, cached=146490851328, shared=56205312, slab=7699132416)","sdiskusage(total=938517508096, used=394182586368, free=496585392128, percent=44.3)",-1,2025-03-12 20:36:28.238050
816.9,"svmem(total=540894633984, available=507203031040, percent=6.2, used=30134067200, free=361717006336, active=64787927040, inactive=103326031872, buffers=2552659968, cached=146490900480, shared=56205312, slab=7698591744)","sdiskusage(total=938517508096, used=394182586368, free=496585392128, percent=44.3)",-1,2025-03-12 20:36:30.569776
754.5,"svmem(total=540894633984, available=507189866496, percent=6.2, used=30147244032, free=361703780352, active=64799379456, inactive=103326060544, buffers=2552659968, cached=146490949632, shared=56205312, slab=7698755584)","sdiskusage(total=938517508096, used=394182586368, free=496585392128, percent=44.3)",-1,2025-03-12 20:36:32.885022
771.5,"svmem(total=540894633984, available=507188785152, percent=6.2, used=30148325376, free=361702682624, active=64802787328, inactive=103326072832, buffers=2552659968, cached=146490966016, shared=56205312, slab=7699279872)","sdiskusage(total=938517508096, used=394182586368, free=496585392128, percent=44.3)",-1,2025-03-12 20:36:35.222770
855.9,"svmem(total=540894633984, available=507178688512, percent=6.2, used=30158405632, free=361692545024, active=64814911488, inactive=103326076928, buffers=2552659968, cached=146491023360, shared=56205312, slab=7698976768)","sdiskusage(total=938517508096, used=394182586368, free=496585392128, percent=44.3)",-1,2025-03-12 20:36:37.547103
543.9,"svmem(total=540894633984, available=507191373824, percent=6.2, used=30145757184, free=361705111552, active=64802992128, inactive=103326142464, buffers=2552659968, cached=146491105280, shared=56205312, slab=7698468864)","sdiskusage(total=938517508096, used=394182586368, free=496585392128, percent=44.3)",-1,2025-03-12 20:36:39.887897
777.9,"svmem(total=540894633984, available=507190284288, percent=6.2, used=30146838528, free=361704013824, active=64803020800, inactive=103326150656, buffers=2552659968, cached=146491121664, shared=56205312, slab=7699296256)","sdiskusage(total=938517508096, used=394182586368, free=496585392128, percent=44.3)",-1,2025-03-12 20:36:42.213483
782.8,"svmem(total=540894633984, available=507161133056, percent=6.2, used=30175981568, free=361674854400, active=64832536576, inactive=103326158848, buffers=2552659968, cached=146491138048, shared=56205312, slab=7700066304)","sdiskusage(total=938517508096, used=394182586368, free=496585392128, percent=44.3)",-1,2025-03-12 20:36:44.524988
742.1,"svmem(total=540894633984, available=507158982656, percent=6.2, used=30178082816, free=361672704000, active=64835448832, inactive=103326158848, buffers=2552659968, cached=146491187200, shared=56205312, slab=7699075072)","sdiskusage(total=938517508096, used=394182586368, free=496585392128, percent=44.3)",-1,2025-03-12 20:36:46.864255
739.5,"svmem(total=540894633984, available=507169951744, percent=6.2, used=30167101440, free=361683664896, active=64822771712, inactive=103326167040, buffers=2552659968, cached=146491207680, shared=56205312, slab=7699140608)","sdiskusage(total=938517508096, used=394182586368, free=496585392128, percent=44.3)",-1,2025-03-12 20:36:49.195695
805.5,"svmem(total=540894633984, available=507269324800, percent=6.2, used=30067712000, free=361783037952, active=64724443136, inactive=103326167040, buffers=2552659968, cached=146491224064, shared=56205312, slab=7698870272)","sdiskusage(total=938517508096, used=394182586368, free=496585392128, percent=44.3)",-1,2025-03-12 20:36:51.506701
676.7,"svmem(total=540894633984, available=507256496128, percent=6.2, used=30080565248, free=361770135552, active=64741777408, inactive=103326240768, buffers=2552659968, cached=146491273216, shared=56205312, slab=7698845696)","sdiskusage(total=938517508096, used=394182586368, free=496585392128, percent=44.3)",-1,2025-03-12 20:36:53.820547
292.8,"svmem(total=540894633984, available=507208962048, percent=6.2, used=30127890432, free=361697894400, active=64790958080, inactive=103351132160, buffers=2552659968, cached=146516189184, shared=56463360, slab=7699374080)","sdiskusage(total=938517508096, used=394182586368, free=496585392128, percent=44.3)",-1,2025-03-12 20:36:56.148517
338.1,"svmem(total=540894633984, available=506742992896, percent=6.3, used=30594154496, free=361227997184, active=65270239232, inactive=103354712064, buffers=2552659968, cached=146519822336, shared=56205312, slab=7699918848)","sdiskusage(total=938517508096, used=394182586368, free=496585392128, percent=44.3)",-1,2025-03-12 20:36:58.485652
350.9,"svmem(total=540894633984, available=506523791360, percent=6.4, used=30812807168, free=360989167616, active=65494568960, inactive=103374331904, buffers=2552659968, cached=146539999232, shared=56205312, slab=7698706432)","sdiskusage(total=938517508096, used=394182586368, free=496585392128, percent=44.3)",-1,2025-03-12 20:37:00.821576
0.0,"svmem(total=540894633984, available=507157585920, percent=6.2, used=30179557376, free=361619288064, active=64864772096, inactive=103377870848, buffers=2552659968, cached=146543128576, shared=56205312, slab=7698214912)","sdiskusage(total=938517508096, used=394182586368, free=496585392128, percent=44.3)",-1,2025-03-12 20:37:03.146472
90.8,"svmem(total=540894633984, available=514456297472, percent=4.9, used=22897897472, free=368917983232, active=57709621248, inactive=103360094208, buffers=2552659968, cached=146526093312, shared=39157760, slab=7689601024)","sdiskusage(total=938517508096, used=394182561792, free=496585416704, percent=44.3)",-1,2025-03-12 20:37:05.478036
